rpm,fuel,power,torque
1118.947,0.4012,39.7579,183.9737
1186.295,0.4002,42.4518,185.6574
1112.972,0.4013,39.5189,183.8243
1066.492,0.402,37.6597,182.6623
1025.479,0.4026,36.0192,181.637
1101.402,0.4015,39.0561,183.5351
1197.919,0.4,42.9168,185.948
1127.092,0.4011,40.0837,184.1773
1158.589,0.4006,41.3436,184.9647
1008.692,0.4029,35.3477,181.2173
1099.262,0.4015,38.9705,183.4815
1167.871,0.4005,41.7148,185.1968
1170.576,0.4004,41.823,185.2644
1083.049,0.4018,38.322,183.0762
1077.856,0.4018,38.1142,182.9464
1021.884,0.4027,35.8754,181.5471
1085.375,0.4017,38.415,183.1344
1171.464,0.4004,41.8586,185.2866
1127.428,0.4011,40.0971,184.1857
1045.885,0.4023,36.8354,182.1471
1114.22,0.4013,39.5688,183.8555
1187.279,0.4002,42.4912,185.682
1082.603,0.4018,38.3041,183.0651
1150.823,0.4007,41.0329,184.7706
1168.391,0.4005,41.7356,185.2098
1198.822,0.4,42.9529,185.9706
1088.603,0.4017,38.5441,183.2151
1190.571,0.4001,42.6228,185.7643
1173.479,0.4004,41.9392,185.337
1126.752,0.4011,40.0701,184.1688
1167.671,0.4005,41.7068,185.1918
1146.707,0.4008,40.8683,184.6677
1115.992,0.4013,39.6397,183.8998
1056.018,0.4022,37.2407,182.4005
1040.597,0.4024,36.6239,182.0149
1026.041,0.4026,36.0416,181.651
1198.415,0.4,42.9366,185.9604
1023.573,0.4026,35.9429,181.5893
1165.295,0.4005,41.6118,185.1324
1002.236,0.403,35.0894,181.0559
1141.644,0.4009,40.6658,184.5411
1164.061,0.4005,41.5624,185.1015
1047.534,0.4023,36.9014,182.1884
1025.629,0.4026,36.0252,181.6407
1103.109,0.4015,39.1244,183.5777
1125.497,0.4011,40.0199,184.1374
1147.251,0.4008,40.89,184.6813
1020.597,0.4027,35.8239,181.5149
1030.887,0.4025,36.2355,181.7722
1059.029,0.4021,37.3612,182.4757
1177.153,0.4003,42.0861,185.4288
1048.769,0.4023,36.9508,182.2192
1160.703,0.4006,41.4281,185.0176
1043.102,0.4024,36.7241,182.0776
1062.992,0.4021,37.5197,182.5748
1033.535,0.4025,36.3414,181.8384
1063.112,0.4021,37.5245,182.5778
1121.827,0.4012,39.8731,184.0457
1123.835,0.4011,39.9534,184.0959
1137.944,0.4009,40.5178,184.4486
1125.057,0.4011,40.0023,184.1264
1121.844,0.4012,39.8738,184.0461
1041.9,0.4024,36.676,182.0475
1061.448,0.4021,37.4579,182.5362
1016.247,0.4028,35.6499,181.4062
1171.62,0.4004,41.8648,185.2905
1090.832,0.4016,38.6333,183.2708
1094.981,0.4016,38.7992,183.3745
1143.823,0.4008,40.7529,184.5956
1114.185,0.4013,39.5674,183.8546
1140.816,0.4009,40.6326,184.5204
1012.157,0.4028,35.4863,181.3039
1198.29,0.4,42.9316,185.9572
1185.136,0.4002,42.4054,185.6284
1150.77,0.4007,41.0308,184.7692
1164.78,0.4005,41.5912,185.1195
1055.354,0.4022,37.2142,182.3838
1030.099,0.4025,36.204,181.7525
1149.601,0.4008,40.984,184.74
1145.69,0.4008,40.8276,184.6422
1018.425,0.4027,35.737,181.4606
1174.095,0.4004,41.9638,185.3524
1142.664,0.4009,40.7066,184.5666
1192.686,0.4001,42.7074,185.8171
1158.838,0.4006,41.3535,184.971
1066.243,0.402,37.6497,182.6561
1094.81,0.4016,38.7924,183.3702
1026.286,0.4026,36.0514,181.6572
1061.038,0.4021,37.4415,182.5259
1082.508,0.4018,38.3003,183.0627
1096.522,0.4016,38.8609,183.413
1073.563,0.4019,37.9425,182.8391
1002.042,0.403,35.0817,181.0511
1076.213,0.4019,38.0485,182.9053
1151.205,0.4007,41.0482,184.7801
1149.391,0.4008,40.9756,184.7348
1196.341,0.4001,42.8536,185.9085
1019.532,0.4027,35.7813,181.4883
1116.737,0.4012,39.6695,183.9184
1105.143,0.4014,39.2057,183.6286
1082.964,0.4018,38.3186,183.0741
1100.741,0.4015,39.0296,183.5185
1184.741,0.4002,42.3896,185.6185
1001.932,0.403,35.0773,181.0483
1117.186,0.4012,39.6874,183.9297
1111.703,0.4013,39.4681,183.7926
1067.129,0.402,37.6852,182.6782
1077.632,0.4018,38.1053,182.9408
1077.828,0.4018,38.1131,182.9457
1016.968,0.4027,35.6787,181.4242
1122.657,0.4012,39.9063,184.0664
1090.041,0.4016,38.6016,183.251
1087.447,0.4017,38.4979,183.1862
1104.399,0.4014,39.176,183.61
1113.694,0.4013,39.5478,183.8424
1129.964,0.4011,40.1986,184.2491
1122.148,0.4012,39.8859,184.0537
1120.318,0.4012,39.8127,184.0079
1146.924,0.4008,40.877,184.6731
1110.551,0.4013,39.422,183.7638
1050.963,0.4022,37.0385,182.2741
1045.142,0.4023,36.8057,182.1286
1052.116,0.4022,37.0846,182.3029
1034.37,0.4025,36.3748,181.8593
1059.492,0.4021,37.3797,182.4873
1164.775,0.4005,41.591,185.1194
1185.463,0.4002,42.4185,185.6366
1109.425,0.4014,39.377,183.7356
1145.408,0.4008,40.8163,184.6352
1077.141,0.4018,38.0856,182.9285
1176.088,0.4004,42.0435,185.4022
1062.122,0.4021,37.4849,182.5531
1087.628,0.4017,38.5051,183.1907
1096.316,0.4016,38.8526,183.4079
1102.72,0.4015,39.1088,183.568
1006.664,0.4029,35.2666,181.1666
1024.712,0.4026,35.9885,181.6178
1072.133,0.4019,37.8853,182.8033
1064.889,0.402,37.5956,182.6222
1150.047,0.4007,41.0019,184.7512
1140.106,0.4009,40.6042,184.5027
1054.345,0.4022,37.1738,182.3586
1185.08,0.4002,42.4032,185.627
1072.809,0.4019,37.9124,182.8202
1017.172,0.4027,35.6869,181.4293
1097.975,0.4015,38.919,183.4494
1168.099,0.4005,41.724,185.2025
1089.554,0.4017,38.5822,183.2389
1107.369,0.4014,39.2948,183.6842
1049.28,0.4023,36.9712,182.232
1010.714,0.4028,35.4286,181.2679
1178.419,0.4003,42.1368,185.4605
1024.939,0.4026,35.9976,181.6235
1182.733,0.4003,42.3093,185.5683
1068.442,0.402,37.7377,182.7111
1070.805,0.4019,37.8322,182.7701
1016.304,0.4028,35.6522,181.4076
1180.078,0.4003,42.2031,185.5019
1174.053,0.4004,41.9621,185.3513
1144.484,0.4008,40.7794,184.6121
1032.985,0.4025,36.3194,181.8246
1121.653,0.4012,39.8661,184.0413
1195.445,0.4001,42.8178,185.8861
1113.42,0.4013,39.5368,183.8355
1107.888,0.4014,39.3155,183.6972
1104.266,0.4014,39.1706,183.6067
1043.093,0.4024,36.7237,182.0773
1121.079,0.4012,39.8432,184.027
1007.029,0.4029,35.2812,181.1757
1131.973,0.401,40.2789,184.2993
1188.281,0.4002,42.5312,185.707
1025.812,0.4026,36.0325,181.6453
1061.144,0.4021,37.4458,182.5286
1190.759,0.4001,42.6304,185.769
1147.846,0.4008,40.9138,184.6961
1087.753,0.4017,38.5101,183.1938
1179.58,0.4003,42.1832,185.4895
1086.255,0.4017,38.4502,183.1564
1054.515,0.4022,37.1806,182.3629
1104.117,0.4014,39.1647,183.6029
1081.726,0.4018,38.269,183.0431
1103.135,0.4015,39.1254,183.5784
1146.207,0.4008,40.8483,184.6552
1023.296,0.4027,35.9318,181.5824
1046.141,0.4023,36.8456,182.1535
1035.587,0.4025,36.4235,181.8897
1017.997,0.4027,35.7199,181.4499
1181.4,0.4003,42.256,185.535
1184.954,0.4002,42.3982,185.6239
1194.349,0.4001,42.774,185.8587
1038.046,0.4024,36.5218,181.9512
1101.508,0.4015,39.0603,183.5377
1190.184,0.4001,42.6074,185.7546
1183.333,0.4003,42.3333,185.5833
1089.514,0.4017,38.5806,183.2379
1187.741,0.4002,42.5096,185.6935
1120.333,0.4012,39.8133,184.0083
1029.515,0.4026,36.1806,181.7379
1073.103,0.4019,37.9241,182.8276
1199.526,0.4,42.981,185.9882
1044.868,0.4023,36.7947,182.1217
1056.446,0.4022,37.2578,182.4111
1077.399,0.4018,38.096,182.935
1141.218,0.4009,40.6487,184.5305
1047.344,0.4023,36.8938,182.1836
1184.13,0.4002,42.3652,185.6033
1126.008,0.4011,40.0403,184.1502
1068.06,0.402,37.7224,182.7015
1125.768,0.4011,40.0307,184.1442
1151.283,0.4007,41.0513,184.7821
1050.251,0.4022,37.01,182.2563
1163.7,0.4005,41.548,185.0925
1012.705,0.4028,35.5082,181.3176
1116.185,0.4013,39.6474,183.9046
1158.319,0.4006,41.3328,184.958
1002.726,0.403,35.109,181.0682
1104.171,0.4014,39.1668,183.6043
1088.424,0.4017,38.537,183.2106
1160.811,0.4006,41.4324,185.0203
1081.127,0.4018,38.2451,183.0282
1101.883,0.4015,39.0753,183.5471
1160.786,0.4006,41.4314,185.0197
1192.714,0.4001,42.7086,185.8178
1056.448,0.4022,37.2579,182.4112
1091.798,0.4016,38.6719,183.295
1127.736,0.4011,40.1094,184.1934
1199.791,0.4,42.9916,185.9948
1126.282,0.4011,40.0513,184.157
1100.985,0.4015,39.0394,183.5246
1128.132,0.4011,40.1253,184.2033
1103.803,0.4014,39.1521,183.5951
1150.169,0.4007,41.0068,184.7542
1147.976,0.4008,40.919,184.6994
1053.106,0.4022,37.1242,182.3277
1099.507,0.4015,38.9803,183.4877
1050.874,0.4022,37.035,182.2719
1186.097,0.4002,42.4439,185.6524
1072.125,0.4019,37.885,182.8031
1071.484,0.4019,37.8594,182.7871
1034.773,0.4025,36.3909,181.8693
1088.809,0.4017,38.5524,183.2202
1128.669,0.4011,40.1468,184.2167
1025.658,0.4026,36.0263,181.6414
1032.667,0.4025,36.3067,181.8167
1038.616,0.4024,36.5446,181.9654
1149.964,0.4008,40.9986,184.7491
1060.5,0.4021,37.42,182.5125
1192.363,0.4001,42.6945,185.8091
1087.885,0.4017,38.5154,183.1971
1173.035,0.4004,41.9214,185.3259
1259.932,0.3997,45.3973,187.1986
1359.759,0.3992,49.3904,189.1952
1348.876,0.3993,48.955,188.9775
1235.44,0.3998,44.4176,186.7088
1223.809,0.3999,43.9524,186.4762
1381.509,0.3991,50.2604,189.6302
1382.149,0.3991,50.286,189.643
1233.123,0.3998,44.3249,186.6625
1327.414,0.3994,48.0966,188.5483
1298.103,0.3995,46.9241,187.9621
1200.93,0.4,43.0372,186.0186
1218.145,0.3999,43.7258,186.3629
1379.946,0.3991,50.1978,189.5989
1271.977,0.3996,45.8791,187.4395
1356.742,0.3992,49.2697,189.1348
1361.308,0.3992,49.4523,189.2262
1274.624,0.3996,45.985,187.4925
1333.066,0.3993,48.3226,188.6613
1230.76,0.3998,44.2304,186.6152
1353.111,0.3992,49.1244,189.0622
1265.245,0.3997,45.6098,187.3049
1394.185,0.399,50.7674,189.8837
1271.028,0.3996,45.8411,187.4206
1366.312,0.3992,49.6525,189.3262
1209.179,0.4,43.3672,186.1836
1221.195,0.3999,43.8478,186.4239
1354.228,0.3992,49.1691,189.0846
1336.106,0.3993,48.4442,188.7221
1339.628,0.3993,48.5851,188.7926
1344.434,0.3993,48.7774,188.8887
1292.205,0.3995,46.6882,187.8441
1297.022,0.3995,46.8809,187.9404
1327.098,0.3994,48.0839,188.542
1288.45,0.3996,46.538,187.769
1326.16,0.3994,48.0464,188.5232
1298.667,0.3995,46.9467,187.9733
1324.852,0.3994,47.9941,188.497
1253.949,0.3997,45.158,187.079
1378.216,0.3991,50.1286,189.5643
1389.841,0.3991,50.5936,189.7968
1336.226,0.3993,48.449,188.7245
1218.138,0.3999,43.7255,186.3628
1315.679,0.3994,47.6272,188.3136
1292.633,0.3995,46.7053,187.8527
1257.421,0.3997,45.2968,187.1484
1263.758,0.3997,45.5503,187.2752
1358.388,0.3992,49.3355,189.1678
1302.654,0.3995,47.1062,188.0531
1333.427,0.3993,48.3371,188.6685
1315.539,0.3994,47.6216,188.3108
1228.171,0.3999,44.1268,186.5634
1380.791,0.3991,50.2316,189.6158
1280.374,0.3996,46.215,187.6075
1374.481,0.3991,49.9792,189.4896
1380.34,0.3991,50.2136,189.6068
1237.255,0.3998,44.4902,186.7451
1359.652,0.3992,49.3861,189.193
1377.436,0.3991,50.0974,189.5487
1295.234,0.3995,46.8094,187.9047
1354.666,0.3992,49.1866,189.0933
1247.087,0.3998,44.8835,186.9417
1392.728,0.399,50.7091,189.8546
1317.057,0.3994,47.6823,188.3411
1227.627,0.3999,44.1051,186.5525
1219.394,0.3999,43.7758,186.3879
1234.692,0.3998,44.3877,186.6938
1259.846,0.3997,45.3938,187.1969
1225.644,0.3999,44.0258,186.5129
1229.217,0.3999,44.1687,186.5843
1343.473,0.3993,48.7389,188.8695
1248.997,0.3998,44.9599,186.9799
1348.161,0.3993,48.9264,188.9632
1233.517,0.3998,44.3407,186.6703
1273.228,0.3996,45.9291,187.4646
1285.968,0.3996,46.4387,187.7194
1254.842,0.3997,45.1937,187.0968
1236.119,0.3998,44.4448,186.7224
1302.822,0.3995,47.1129,188.0564
1397.756,0.399,50.9102,189.9551
1298.862,0.3995,46.9545,187.9772
1389.056,0.3991,50.5622,189.7811
1296.495,0.3995,46.8598,187.9299
1248.861,0.3998,44.9544,186.9772
1227.631,0.3999,44.1052,186.5526
1380.693,0.3991,50.2277,189.6139
1283.583,0.3996,46.3433,187.6717
1298.047,0.3995,46.9219,187.9609
1355.665,0.3992,49.2266,189.1133
1313.159,0.3994,47.5264,188.2632
1253.163,0.3997,45.1265,187.0633
1269.326,0.3997,45.773,187.3865
1352.827,0.3992,49.1131,189.0565
1222.985,0.3999,43.9194,186.4597
1242.812,0.3998,44.7125,186.8562
1372.069,0.3991,49.8828,189.4414
1332.225,0.3993,48.289,188.6445
1379.241,0.3991,50.1696,189.5848
1365.383,0.3992,49.6153,189.3077
1377.322,0.3991,50.0929,189.5464
1374.77,0.3991,49.9908,189.4954
1399.043,0.399,50.9617,189.9809
1279.513,0.3996,46.1805,187.5903
1325.744,0.3994,48.0298,188.5149
1381.369,0.3991,50.2548,189.6274
1321.575,0.3994,47.863,188.4315
1239.693,0.3998,44.5877,186.7939
1274.744,0.3996,45.9898,187.4949
1388.75,0.3991,50.55,189.775
1240.765,0.3998,44.6306,186.8153
1308.895,0.3995,47.3558,188.1779
1323.228,0.3994,47.9291,188.4646
1340.123,0.3993,48.6049,188.8025
1285.621,0.3996,46.4248,187.7124
1229.931,0.3999,44.1972,186.5986
1392.156,0.399,50.6862,189.8431
1307.2,0.3995,47.288,188.144
1319.252,0.3994,47.7701,188.385
1326.196,0.3994,48.0478,188.5239
1210.925,0.3999,43.437,186.2185
1364.642,0.3992,49.5857,189.2928
1239.708,0.3998,44.5883,186.7942
1367.612,0.3992,49.7045,189.3522
1269.854,0.3997,45.7942,187.3971
1227.33,0.3999,44.0932,186.5466
1371.951,0.3991,49.878,189.439
1247.94,0.3998,44.9176,186.9588
1225.264,0.3999,44.0106,186.5053
1257.593,0.3997,45.3037,187.1519
1335.682,0.3993,48.4273,188.7136
1302.829,0.3995,47.1132,188.0566
1263.369,0.3997,45.5348,187.2674
1269.673,0.3997,45.7869,187.3935
1310.602,0.3994,47.4241,188.212
1392.418,0.399,50.6967,189.8484
1326.865,0.3994,48.0746,188.5373
1315.977,0.3994,47.6391,188.3195
1393.755,0.399,50.7502,189.8751
1295.049,0.3995,46.802,187.901
1356.744,0.3992,49.2698,189.1349
1334.579,0.3993,48.3832,188.6916
1349.749,0.3993,48.99,188.995
1266.285,0.3997,45.6514,187.3257
1201.665,0.4,43.0666,186.0333
1249.126,0.3998,44.965,186.9825
1240.555,0.3998,44.6222,186.8111
1374.474,0.3991,49.979,189.4895
1323.762,0.3994,47.9505,188.4752
1226.909,0.3999,44.0764,186.5382
1213.429,0.3999,43.5372,186.2686
1376.4,0.3991,50.056,189.528
1213.011,0.3999,43.5204,186.2602
1357.527,0.3992,49.3011,189.1505
1203.845,0.4,43.1538,186.0769
1395.838,0.399,50.8335,189.9168
1310.967,0.3994,47.4387,188.2193
1367.959,0.3992,49.7184,189.3592
1369.458,0.3992,49.7783,189.3892
1367.528,0.3992,49.7011,189.3506
1209.439,0.4,43.3776,186.1888
1277.63,0.3996,46.1052,187.5526
1322.623,0.3994,47.9049,188.4525
1375.149,0.3991,50.006,189.503
1395.131,0.399,50.8052,189.9026
1373.366,0.3991,49.9346,189.4673
1282.686,0.3996,46.3074,187.6537
1223.094,0.3999,43.9238,186.4619
1290.929,0.3995,46.6372,187.8186
1310.535,0.3994,47.4214,188.2107
1304.045,0.3995,47.1618,188.0809
1272.124,0.3996,45.885,187.4425
1274.878,0.3996,45.9951,187.4976
1324.225,0.3994,47.969,188.4845
1352.476,0.3992,49.099,189.0495
1378.693,0.3991,50.1477,189.5739
1309.517,0.3995,47.3807,188.1903
1326.046,0.3994,48.0418,188.5209
1214.108,0.3999,43.5643,186.2822
1339.26,0.3993,48.5704,188.7852
1282.741,0.3996,46.3096,187.6548
1346.024,0.3993,48.841,188.9205
1212.72,0.3999,43.5088,186.2544
1243.222,0.3998,44.7289,186.8644
1236.426,0.3998,44.457,186.7285
1297.494,0.3995,46.8998,187.9499
1246.093,0.3998,44.8437,186.9219
1213.417,0.3999,43.5367,186.2683
1325.202,0.3994,48.0081,188.504
1241.893,0.3998,44.6757,186.8379
1388.194,0.3991,50.5278,189.7639
1216.088,0.3999,43.6435,186.3218
1267.66,0.3997,45.7064,187.3532
1329.767,0.3994,48.1907,188.5953
1328.342,0.3994,48.1337,188.5668
1332.658,0.3993,48.3063,188.6532
1346.066,0.3993,48.8426,188.9213
1368.349,0.3992,49.734,189.367
1291.104,0.3995,46.6442,187.8221
1208.859,0.4,43.3544,186.1772
1222.186,0.3999,43.8874,186.4437
1322.49,0.3994,47.8996,188.4498
1260.834,0.3997,45.4334,187.2167
1222.473,0.3999,43.8989,186.4495
1320.783,0.3994,47.8313,188.4157
1396.283,0.399,50.8513,189.9257
1253.341,0.3997,45.1336,187.0668
1263.683,0.3997,45.5473,187.2737
1254.114,0.3997,45.1646,187.0823
1365.576,0.3992,49.623,189.3115
1367.963,0.3992,49.7185,189.3593
1228.971,0.3999,44.1588,186.5794
1262.522,0.3997,45.5009,187.2504
1369.33,0.3992,49.7732,189.3866
1322.433,0.3994,47.8973,188.4487
1320.387,0.3994,47.8155,188.4077
1379.46,0.3991,50.1784,189.5892
1351.738,0.3992,49.0695,189.0348
1256.226,0.3997,45.249,187.1245
1341.598,0.3993,48.6639,188.832
1307.88,0.3995,47.3152,188.1576
1359.161,0.3992,49.3664,189.1832
1250.052,0.3997,45.0021,187.001
1310.186,0.3994,47.4074,188.2037
1337.217,0.3993,48.4887,188.7443
1208.974,0.4,43.359,186.1795
1354.381,0.3992,49.1752,189.0876
1354.342,0.3992,49.1737,189.0868
1384.42,0.3991,50.3768,189.6884
1397.476,0.399,50.899,189.9495
1263.912,0.3997,45.5565,187.2782
1229.598,0.3999,44.1839,186.592
1229.272,0.3999,44.1709,186.5854
1355.911,0.3992,49.2364,189.1182
1364.789,0.3992,49.5916,189.2958
1230.567,0.3998,44.2227,186.6113
1333.951,0.3993,48.358,188.679
1219.235,0.3999,43.7694,186.3847
1285.322,0.3996,46.4129,187.7064
1209.612,0.4,43.3845,186.1922
1210.884,0.3999,43.4354,186.2177
1296.751,0.3995,46.87,187.935
1262.071,0.3997,45.4828,187.2414
1357.598,0.3992,49.3039,189.152
1302.308,0.3995,47.0923,188.0462
1352.476,0.3992,49.099,189.0495
1394.399,0.399,50.776,189.888
1359.243,0.3992,49.3697,189.1849
1335.469,0.3993,48.4188,188.7094
1392.383,0.399,50.6953,189.8477
1222.906,0.3999,43.9162,186.4581
1254.972,0.3997,45.1989,187.0994
1502.591,0.398,55.1036,192.5648
1485.538,0.3981,54.4215,192.1385
1474.021,0.3983,53.9608,191.8505
1564.554,0.3974,57.5822,194.1139
1493.565,0.3981,54.7426,192.3391
1557.775,0.3974,57.311,193.9444
1465.644,0.3983,53.6258,191.6411
1599.201,0.397,58.968,194.98
1518.777,0.3978,55.7511,192.9694
1593.018,0.3971,58.7207,194.8254
1474.311,0.3983,53.9724,191.8578
1418.803,0.3988,51.7521,190.4701
1524.417,0.3978,55.9767,193.1104
1574.909,0.3973,57.9964,194.3727
1470.548,0.3983,53.8219,191.7637
1575.247,0.3972,58.0099,194.3812
1575.183,0.3972,58.0073,194.3796
1495.518,0.398,54.8207,192.3879
1512.736,0.3979,55.5094,192.8184
1463.622,0.3984,53.5449,191.5906
1489.833,0.3981,54.5933,192.2458
1564.612,0.3974,57.5845,194.1153
1481.091,0.3982,54.2436,192.0273
1496.824,0.398,54.873,192.4206
1563.493,0.3974,57.5397,194.0873
1458.839,0.3984,53.3536,191.471
1591.394,0.3971,58.6558,194.7849
1596.361,0.397,58.8544,194.909
1517.738,0.3978,55.7095,192.9435
1524.099,0.3978,55.964,193.1025
1445.333,0.3985,52.8133,191.1333
1456.707,0.3984,53.2683,191.4177
1564.176,0.3974,57.567,194.1044
1563.746,0.3974,57.5498,194.0936
1576.925,0.3972,58.077,194.4231
1519.887,0.3978,55.7955,192.9972
1496.089,0.398,54.8436,192.4022
1565.226,0.3973,57.609,194.1307
1448.206,0.3985,52.9282,191.2052
1495.472,0.398,54.8189,192.3868
1402.274,0.399,51.091,190.0568
1513.587,0.3979,55.5435,192.8397
1404.442,0.399,51.1777,190.1111
1567.131,0.3973,57.6852,194.1783
1446.116,0.3985,52.8446,191.1529
1409.47,0.3989,51.3788,190.2368
1471.067,0.3983,53.8427,191.7767
1498.143,0.398,54.9257,192.4536
1530.862,0.3977,56.2345,193.2715
1460.37,0.3984,53.4148,191.5093
1565.3,0.3973,57.612,194.1325
1579.296,0.3972,58.1718,194.4824
1520.984,0.3978,55.8394,193.0246
1594.438,0.3971,58.7775,194.861
1591.074,0.3971,58.643,194.7768
1462.929,0.3984,53.5172,191.5732
1480.436,0.3982,54.2174,192.0109
1585.561,0.3971,58.4224,194.639
1559.732,0.3974,57.3893,193.9933
1585.851,0.3971,58.434,194.6463
1420.83,0.3988,51.8332,190.5207
1570.135,0.3973,57.8054,194.2534
1522.931,0.3978,55.9172,193.0733
1557.208,0.3974,57.2883,193.9302
1594.378,0.3971,58.7751,194.8595
1549.912,0.3975,56.9965,193.7478
1401.635,0.399,51.0654,190.0409
1506.585,0.3979,55.2634,192.6646
1447.215,0.3985,52.8886,191.1804
1541.521,0.3976,56.6608,193.538
1487.578,0.3981,54.5031,192.1894
1421.517,0.3988,51.8607,190.5379
1565.064,0.3973,57.6026,194.1266
1403.665,0.399,51.1466,190.0916
1461.388,0.3984,53.4555,191.5347
1455.455,0.3984,53.2182,191.3864
1420.626,0.3988,51.825,190.5156
1431.939,0.3987,52.2776,190.7985
1500.564,0.398,55.0226,192.5141
1507.826,0.3979,55.313,192.6957
1519.27,0.3978,55.7708,192.9818
1532.773,0.3977,56.3109,193.3193
1449.778,0.3985,52.9911,191.2445
1543.62,0.3976,56.7448,193.5905
1531.312,0.3977,56.2525,193.2828
1478.533,0.3982,54.1413,191.9633
1412.371,0.3989,51.4948,190.3093
1518.934,0.3978,55.7574,192.9734
1519.176,0.3978,55.767,192.9794
1457.265,0.3984,53.2906,191.4316
1574.777,0.3973,57.9911,194.3694
1488.645,0.3981,54.5458,192.2161
1512.948,0.3979,55.5179,192.8237
1585.286,0.3971,58.4114,194.6321
1515.465,0.3978,55.6186,192.8866
1490.841,0.3981,54.6336,192.271
1470.617,0.3983,53.8247,191.7654
1440.14,0.3986,52.6056,191.0035
1598.706,0.397,58.9482,194.9676
1523.392,0.3978,55.9357,193.0848
1427.492,0.3987,52.0997,190.6873
1461.645,0.3984,53.4658,191.5411
1471.582,0.3983,53.8633,191.7896
1574.963,0.3973,57.9985,194.3741
1461.02,0.3984,53.4408,191.5255
1557.942,0.3974,57.3177,193.9486
1516.208,0.3978,55.6483,192.9052
1569.395,0.3973,57.7758,194.2349
1561.404,0.3974,57.4562,194.0351
1413.821,0.3989,51.5528,190.3455
1593.663,0.3971,58.7465,194.8416
1539.704,0.3976,56.5882,193.4926
1585.564,0.3971,58.4226,194.6391
1422.73,0.3988,51.9092,190.5683
1473.46,0.3983,53.9384,191.8365
1507.987,0.3979,55.3195,192.6997
1419.746,0.3988,51.7898,190.4937
1516.52,0.3978,55.6608,192.913
1519.94,0.3978,55.7976,192.9985
1523.588,0.3978,55.9435,193.0897
1585.287,0.3971,58.4115,194.6322
1549.933,0.3975,56.9973,193.7483
1576.76,0.3972,58.0704,194.419
1409.289,0.3989,51.3716,190.2322
1427.465,0.3987,52.0986,190.6866
1447.578,0.3985,52.9031,191.1894
1596.839,0.397,58.8736,194.921
1435.079,0.3986,52.4032,190.877
1433.243,0.3987,52.3297,190.8311
1513.641,0.3979,55.5456,192.841
1423.512,0.3988,51.9405,190.5878
1571.696,0.3973,57.8678,194.2924
1595.158,0.397,58.8063,194.879
1477.258,0.3982,54.0903,191.9315
1518.075,0.3978,55.723,192.9519
1566.833,0.3973,57.6733,194.1708
1428.341,0.3987,52.1336,190.7085
1547.695,0.3975,56.9078,193.6924
1531.755,0.3977,56.2702,193.2939
1498.0,0.398,54.92,192.45
1570.735,0.3973,57.8294,194.2684
1564.506,0.3974,57.5802,194.1127
1499.211,0.398,54.9684,192.4803
1423.023,0.3988,51.9209,190.5756
1477.324,0.3982,54.093,191.9331
1521.908,0.3978,55.8763,193.0477
1599.874,0.397,58.995,194.9968
1496.577,0.398,54.8631,192.4144
1460.723,0.3984,53.4289,191.5181
1497.112,0.398,54.8845,192.4278
1527.248,0.3977,56.0899,193.1812
1446.523,0.3985,52.8609,191.1631
1435.905,0.3986,52.4362,190.8976
1470.784,0.3983,53.8314,191.7696
1472.957,0.3983,53.9183,191.8239
1498.384,0.398,54.9354,192.4596
1495.933,0.398,54.8373,192.3983
1551.818,0.3975,57.0727,193.7955
1423.923,0.3988,51.9569,190.5981
1454.735,0.3985,53.1894,191.3684
1469.156,0.3983,53.7662,191.7289
1434.034,0.3987,52.3614,190.8509
1479.324,0.3982,54.173,191.9831
1444.532,0.3986,52.7813,191.1133
1469.829,0.3983,53.7932,191.7457
1491.761,0.3981,54.6704,192.294
1460.742,0.3984,53.4297,191.5186
1576.434,0.3972,58.0574,194.4109
1433.645,0.3987,52.3458,190.8411
1403.963,0.399,51.1585,190.0991
1454.252,0.3985,53.1701,191.3563
1433.046,0.3987,52.3218,190.8262
1416.402,0.3988,51.6561,190.4101
1459.624,0.3984,53.385,191.4906
1459.415,0.3984,53.3766,191.4854
1509.682,0.3979,55.3873,192.7421
1518.267,0.3978,55.7307,192.9567
1577.966,0.3972,58.1186,194.4492
1459.917,0.3984,53.3967,191.4979
1519.813,0.3978,55.7925,192.9953
1598.798,0.397,58.9519,194.97
1549.505,0.3975,56.9802,193.7376
1500.846,0.398,55.0338,192.5212
1452.308,0.3985,53.0923,191.3077
1579.859,0.3972,58.1944,194.4965
1434.337,0.3987,52.3735,190.8584
1415.09,0.3988,51.6036,190.3773
1405.873,0.3989,51.2349,190.1468
1450.881,0.3985,53.0352,191.272
1588.07,0.3971,58.5228,194.7018
1417.572,0.3988,51.7029,190.4393
1516.844,0.3978,55.6738,192.9211
1485.062,0.3981,54.4025,192.1266
1539.575,0.3976,56.583,193.4894
1568.98,0.3973,57.7592,194.2245
1480.258,0.3982,54.2103,192.0065
1564.352,0.3974,57.5741,194.1088
1539.904,0.3976,56.5962,193.4976
1524.753,0.3978,55.9901,193.1188
1544.869,0.3976,56.7948,193.6217
1468.44,0.3983,53.7376,191.711
1440.28,0.3986,52.6112,191.007
1486.75,0.3981,54.47,192.1687
1487.346,0.3981,54.4938,192.1837
1475.583,0.3982,54.0233,191.8896
1439.712,0.3986,52.5885,190.9928
1416.572,0.3988,51.6629,190.4143
1554.68,0.3975,57.1872,193.867
1502.533,0.398,55.1013,192.5633
1524.334,0.3978,55.9734,193.1084
1570.733,0.3973,57.8293,194.2683
1430.11,0.3987,52.2044,190.7527
1487.691,0.3981,54.5076,192.1923
1476.053,0.3982,54.0421,191.9013
1568.126,0.3973,57.725,194.2031
1415.511,0.3988,51.6204,190.3878
1539.145,0.3976,56.5658,193.4786
1552.455,0.3975,57.0982,193.8114
1415.429,0.3988,51.6172,190.3857
1459.426,0.3984,53.377,191.4856
1545.866,0.3975,56.8346,193.6466
1511.206,0.3979,55.4482,192.7801
1449.786,0.3985,52.9914,191.2447
1505.783,0.3979,55.2313,192.6446
1573.693,0.3973,57.9477,194.3423
1586.167,0.3971,58.4467,194.6542
1467.051,0.3983,53.682,191.6763
1435.183,0.3986,52.4073,190.8796
1441.799,0.3986,52.672,191.045
1519.113,0.3978,55.7645,192.9778
1402.04,0.399,51.0816,190.051
1427.417,0.3987,52.0967,190.6854
1436.704,0.3986,52.4682,190.9176
1591.249,0.3971,58.65,194.7812
1580.951,0.3972,58.238,194.5238
1538.397,0.3976,56.5359,193.4599
1504.059,0.398,55.1624,192.6015
1520.967,0.3978,55.8387,193.0242
1589.152,0.3971,58.5661,194.7288
1518.622,0.3978,55.7449,192.9656
1400.444,0.399,51.0178,190.0111
1598.041,0.397,58.9216,194.951
1405.435,0.3989,51.2174,190.1359
1433.035,0.3987,52.3214,190.8259
1567.405,0.3973,57.6962,194.1851
1588.803,0.3971,58.5521,194.7201
1473.857,0.3983,53.9543,191.8464
1447.285,0.3985,52.8914,191.1821
1546.804,0.3975,56.8722,193.6701
1405.139,0.3989,51.2056,190.1285
1639.499,0.3962,60.58,195.0
1680.148,0.3954,62.2059,195.0
1602.616,0.3969,59.1046,195.0
1675.201,0.3955,62.008,195.0
1684.331,0.3953,62.3732,195.0
1618.536,0.3966,59.7414,195.0
1641.474,0.3962,60.659,195.0
1657.464,0.3959,61.2986,195.0
1670.867,0.3956,61.8347,195.0
1656.19,0.3959,61.2476,195.0
1679.789,0.3954,62.1916,195.0
1680.781,0.3954,62.2312,195.0
1626.047,0.3965,60.0419,195.0
1676.696,0.3955,62.0678,195.0
1666.085,0.3957,61.6434,195.0
1614.833,0.3967,59.5933,195.0
1651.816,0.396,61.0726,195.0
1644.697,0.3961,60.7879,195.0
1669.626,0.3956,61.785,195.0
1661.508,0.3958,61.4603,195.0
1666.067,0.3957,61.6427,195.0
1625.712,0.3965,60.0285,195.0
1610.015,0.3968,59.4006,195.0
1632.973,0.3963,60.3189,195.0
1681.668,0.3954,62.2667,195.0
1668.346,0.3956,61.7338,195.0
1624.062,0.3965,59.9625,195.0
1648.358,0.396,60.9343,195.0
1625.663,0.3965,60.0265,195.0
1616.349,0.3967,59.654,195.0
1661.666,0.3958,61.4666,195.0
1655.384,0.3959,61.2154,195.0
1653.665,0.3959,61.1466,195.0
1636.75,0.3963,60.47,195.0
1606.734,0.3969,59.2694,195.0
1695.829,0.3951,62.8332,195.0
1628.727,0.3964,60.1491,195.0
1616.27,0.3967,59.6508,195.0
1674.926,0.3955,61.997,195.0
1603.432,0.3969,59.1373,195.0
1641.776,0.3962,60.671,195.0
1691.225,0.3952,62.649,195.0
1664.221,0.3957,61.5688,195.0
1645.028,0.3961,60.8011,195.0
1602.55,0.3969,59.102,195.0
1672.903,0.3955,61.9161,195.0
1631.864,0.3964,60.2746,195.0
1668.337,0.3956,61.7335,195.0
1666.436,0.3957,61.6574,195.0
1633.139,0.3963,60.3256,195.0
1658.213,0.3958,61.3285,195.0
1637.706,0.3962,60.5082,195.0
1628.713,0.3964,60.1485,195.0
1664.66,0.3957,61.5864,195.0
1670.256,0.3956,61.8102,195.0
1675.457,0.3955,62.0183,195.0
1616.858,0.3967,59.6743,195.0
1606.264,0.3969,59.2506,195.0
1661.768,0.3958,61.4707,195.0
1685.738,0.3953,62.4295,195.0
1621.541,0.3966,59.8616,195.0
1603.28,0.3969,59.1312,195.0
1635.608,0.3963,60.4243,195.0
1688.182,0.3952,62.5273,195.0
1638.389,0.3962,60.5356,195.0
1670.61,0.3956,61.8244,195.0
1674.943,0.3955,61.9977,195.0
1602.727,0.3969,59.1091,195.0
1652.502,0.3959,61.1001,195.0
1677.909,0.3954,62.1164,195.0
1600.455,0.397,59.0182,195.0
1630.895,0.3964,60.2358,195.0
1630.542,0.3964,60.2217,195.0
1644.694,0.3961,60.7878,195.0
1660.936,0.3958,61.4374,195.0
1678.718,0.3954,62.1487,195.0
1631.202,0.3964,60.2481,195.0
1614.077,0.3967,59.5631,195.0
1664.073,0.3957,61.5629,195.0
1689.175,0.3952,62.567,195.0
1652.899,0.3959,61.116,195.0
1619.519,0.3966,59.7808,195.0
1606.065,0.3969,59.2426,195.0
1610.366,0.3968,59.4146,195.0
1642.334,0.3962,60.6934,195.0
1602.166,0.397,59.0866,195.0
1665.086,0.3957,61.6034,195.0
1656.408,0.3959,61.2563,195.0
1672.82,0.3955,61.9128,195.0
1694.418,0.3951,62.7767,195.0
1616.577,0.3967,59.6631,195.0
1627.777,0.3964,60.1111,195.0
1677.766,0.3954,62.1106,195.0
1683.056,0.3953,62.3222,195.0
1615.656,0.3967,59.6262,195.0
1631.696,0.3964,60.2678,195.0
1697.844,0.395,62.9138,195.0
1672.165,0.3956,61.8866,195.0
1646.453,0.3961,60.8581,195.0
1659.325,0.3958,61.373,195.0
1690.15,0.3952,62.606,195.0
1600.204,0.397,59.0082,195.0
1669.736,0.3956,61.7894,195.0
1612.616,0.3967,59.5046,195.0
1627.471,0.3965,60.0988,195.0
1697.154,0.3951,62.8862,195.0
1616.903,0.3967,59.6761,195.0
1602.196,0.397,59.0878,195.0
1625.535,0.3965,60.0214,195.0
1672.937,0.3955,61.9175,195.0
1663.589,0.3957,61.5436,195.0
1692.611,0.3951,62.7044,195.0
1680.249,0.3954,62.21,195.0
1608.863,0.3968,59.3545,195.0
1648.137,0.396,60.9255,195.0
1692.123,0.3952,62.6849,195.0
1664.82,0.3957,61.5928,195.0
1622.003,0.3966,59.8801,195.0
1622.144,0.3966,59.8858,195.0
1692.709,0.3951,62.7084,195.0
1653.021,0.3959,61.1208,195.0
1600.444,0.397,59.0178,195.0
1633.922,0.3963,60.3569,195.0
1634.745,0.3963,60.3898,195.0
1659.33,0.3958,61.3732,195.0
1656.542,0.3959,61.2617,195.0
1642.707,0.3961,60.7083,195.0
1676.615,0.3955,62.0646,195.0
1635.24,0.3963,60.4096,195.0
1653.824,0.3959,61.153,195.0
1657.364,0.3959,61.2946,195.0
1651.19,0.396,61.0476,195.0
1609.95,0.3968,59.398,195.0
1656.764,0.3959,61.2706,195.0
1642.26,0.3962,60.6904,195.0
1632.461,0.3964,60.2984,195.0
1648.66,0.396,60.9464,195.0
1692.633,0.3951,62.7053,195.0
1698.618,0.395,62.9447,195.0
1607.581,0.3968,59.3032,195.0
1636.796,0.3963,60.4718,195.0
1605.155,0.3969,59.2062,195.0
1614.925,0.3967,59.597,195.0
1672.201,0.3956,61.888,195.0
1661.18,0.3958,61.4472,195.0
1616.113,0.3967,59.6445,195.0
1656.105,0.3959,61.2442,195.0
1600.582,0.397,59.0233,195.0
1646.678,0.3961,60.8671,195.0
1694.263,0.3951,62.7705,195.0
1604.214,0.3969,59.1686,195.0
1672.104,0.3956,61.8842,195.0
1649.852,0.396,60.9941,195.0
1612.583,0.3967,59.5033,195.0
1686.296,0.3953,62.4518,195.0
1644.186,0.3961,60.7674,195.0
1627.333,0.3965,60.0933,195.0
1679.067,0.3954,62.1627,195.0
1601.54,0.397,59.0616,195.0
1673.943,0.3955,61.9577,195.0
1697.03,0.3951,62.8812,195.0
1660.913,0.3958,61.4365,195.0
1605.244,0.3969,59.2098,195.0
1627.302,0.3965,60.0921,195.0
1638.981,0.3962,60.5592,195.0
1641.988,0.3962,60.6795,195.0
1683.803,0.3953,62.3521,195.0
1672.022,0.3956,61.8809,195.0
1679.424,0.3954,62.177,195.0
1624.621,0.3965,59.9848,195.0
1663.581,0.3957,61.5432,195.0
1667.518,0.3956,61.7007,195.0
1650.569,0.396,61.0228,195.0
1624.851,0.3965,59.994,195.0
1606.986,0.3969,59.2794,195.0
1661.423,0.3958,61.4569,195.0
1680.684,0.3954,62.2274,195.0
1636.613,0.3963,60.4645,195.0
1628.136,0.3964,60.1254,195.0
1674.968,0.3955,61.9987,195.0
1638.589,0.3962,60.5436,195.0
1680.411,0.3954,62.2164,195.0
1658.139,0.3958,61.3256,195.0
1625.553,0.3965,60.0221,195.0
1631.184,0.3964,60.2474,195.0
1680.036,0.3954,62.2014,195.0
1696.64,0.3951,62.8656,195.0
1661.398,0.3958,61.4559,195.0
1685.217,0.3953,62.4087,195.0
1696.124,0.3951,62.845,195.0
1615.333,0.3967,59.6133,195.0
1659.054,0.3958,61.3622,195.0
1650.784,0.396,61.0314,195.0
1621.454,0.3966,59.8582,195.0
1668.361,0.3956,61.7344,195.0
1645.125,0.3961,60.805,195.0
1656.513,0.3959,61.2605,195.0
1647.664,0.396,60.9066,195.0
1637.338,0.3963,60.4935,195.0
1672.619,0.3955,61.9048,195.0
1699.635,0.395,62.9854,195.0
1601.901,0.397,59.076,195.0
1670.524,0.3956,61.821,195.0
1621.255,0.3966,59.8502,195.0
1670.374,0.3956,61.815,195.0
1678.377,0.3954,62.1351,195.0
1665.929,0.3957,61.6372,195.0
1676.81,0.3955,62.0724,195.0
1647.888,0.396,60.9155,195.0
1637.527,0.3962,60.5011,195.0
1634.341,0.3963,60.3736,195.0
1676.197,0.3955,62.0479,195.0
1618.29,0.3966,59.7316,195.0
1651.443,0.396,61.0577,195.0
1625.351,0.3965,60.014,195.0
1641.808,0.3962,60.6723,195.0
1683.116,0.3953,62.3246,195.0
1635.258,0.3963,60.4103,195.0
1608.134,0.3968,59.3254,195.0
1689.161,0.3952,62.5664,195.0
1688.901,0.3952,62.556,195.0
1653.725,0.3959,61.149,195.0
1613.053,0.3967,59.5221,195.0
1658.517,0.3958,61.3407,195.0
1608.217,0.3968,59.3287,195.0
1608.163,0.3968,59.3265,195.0
1648.285,0.396,60.9314,195.0
1617.98,0.3966,59.7192,195.0
1676.905,0.3955,62.0762,195.0
1695.145,0.3951,62.8058,195.0
1671.482,0.3956,61.8593,195.0
1605.578,0.3969,59.2231,195.0
1608.958,0.3968,59.3583,195.0
1676.414,0.3955,62.0566,195.0
1618.867,0.3966,59.7547,195.0
1633.476,0.3963,60.339,195.0
1614.156,0.3967,59.5662,195.0
1636.211,0.3963,60.4484,195.0
1642.114,0.3962,60.6846,195.0
1684.251,0.3953,62.37,195.0
1622.107,0.3966,59.8843,195.0
1698.149,0.395,62.926,195.0
1667.985,0.3956,61.7194,195.0
1635.703,0.3963,60.4281,195.0
1629.686,0.3964,60.1874,195.0
1673.503,0.3955,61.9401,195.0
1699.719,0.395,62.9888,195.0
1693.722,0.3951,62.7489,195.0
1607.146,0.3969,59.2858,195.0
1637.235,0.3963,60.4894,195.0
1757.62,0.395,65.3048,195.0
1747.887,0.395,64.9155,195.0
1715.384,0.395,63.6154,195.0
1786.756,0.395,66.4702,195.0
1780.773,0.395,66.2309,195.0
1767.985,0.395,65.7194,195.0
1781.057,0.395,66.2423,195.0
1755.097,0.395,65.2039,195.0
1727.761,0.395,64.1104,195.0
1780.551,0.395,66.222,195.0
1714.434,0.395,63.5774,195.0
1750.182,0.395,65.0073,195.0
1789.123,0.395,66.5649,195.0
1784.705,0.395,66.3882,195.0
1736.791,0.395,64.4716,195.0
1702.391,0.395,63.0956,195.0
1788.193,0.395,66.5277,195.0
1735.701,0.395,64.428,195.0
1762.471,0.395,65.4988,195.0
1730.7,0.395,64.228,195.0
1722.221,0.395,63.8888,195.0
1790.597,0.395,66.6239,195.0
1750.308,0.395,65.0123,195.0
1727.05,0.395,64.082,195.0
1700.84,0.395,63.0336,195.0
1745.919,0.395,64.8368,195.0
1702.259,0.395,63.0904,195.0
1796.59,0.395,66.8636,195.0
1763.595,0.395,65.5438,195.0
1760.278,0.395,65.4111,195.0
1754.567,0.395,65.1827,195.0
1783.083,0.395,66.3233,195.0
1762.727,0.395,65.5091,195.0
1750.13,0.395,65.0052,195.0
1728.295,0.395,64.1318,195.0
1705.691,0.395,63.2276,195.0
1719.535,0.395,63.7814,195.0
1779.984,0.395,66.1994,195.0
1732.466,0.395,64.2986,195.0
1758.547,0.395,65.3419,195.0
1784.915,0.395,66.3966,195.0
1709.038,0.395,63.3615,195.0
1736.847,0.395,64.4739,195.0
1729.812,0.395,64.1925,195.0
1723.217,0.395,63.9287,195.0
1758.613,0.395,65.3445,195.0
1758.709,0.395,65.3484,195.0
1791.449,0.395,66.658,195.0
1760.45,0.395,65.418,195.0
1774.669,0.395,65.9868,195.0
1775.244,0.395,66.0098,195.0
1722.722,0.395,63.9089,195.0
1761.505,0.395,65.4602,195.0
1764.743,0.395,65.5897,195.0
1736.389,0.395,64.4556,195.0
1702.34,0.395,63.0936,195.0
1788.361,0.395,66.5344,195.0
1727.876,0.395,64.115,195.0
1706.682,0.395,63.2673,195.0
1776.678,0.395,66.0671,195.0
1779.976,0.395,66.199,195.0
1751.148,0.395,65.0459,195.0
1725.157,0.395,64.0063,195.0
1784.303,0.395,66.3721,195.0
1769.275,0.395,65.771,195.0
1754.181,0.395,65.1672,195.0
1786.853,0.395,66.4741,195.0
1764.265,0.395,65.5706,195.0
1717.743,0.395,63.7097,195.0
1796.064,0.395,66.8426,195.0
1752.674,0.395,65.107,195.0
1771.157,0.395,65.8463,195.0
1741.872,0.395,64.6749,195.0
1740.335,0.395,64.6134,195.0
1707.247,0.395,63.2899,195.0
1738.878,0.395,64.5551,195.0
1774.248,0.395,65.9699,195.0
1755.412,0.395,65.2165,195.0
1709.045,0.395,63.3618,195.0
1717.77,0.395,63.7108,195.0
1713.526,0.395,63.541,195.0
1764.879,0.395,65.5952,195.0
1755.861,0.395,65.2344,195.0
1747.327,0.395,64.8931,195.0
1739.354,0.395,64.5742,195.0
1752.906,0.395,65.1162,195.0
1754.914,0.395,65.1966,195.0
1732.26,0.395,64.2904,195.0
1743.102,0.395,64.7241,195.0
1705.244,0.395,63.2098,195.0
1770.51,0.395,65.8204,195.0
1755.206,0.395,65.2082,195.0
1731.564,0.395,64.2626,195.0
1777.536,0.395,66.1014,195.0
1707.337,0.395,63.2935,195.0
1718.474,0.395,63.739,195.0
1788.283,0.395,66.5313,195.0
1710.505,0.395,63.4202,195.0
1735.479,0.395,64.4192,195.0
1708.749,0.395,63.35,195.0
1783.426,0.395,66.337,195.0
1780.597,0.395,66.2239,195.0
1713.481,0.395,63.5392,195.0
1758.105,0.395,65.3242,195.0
1702.896,0.395,63.1158,195.0
1710.047,0.395,63.4019,195.0
1736.855,0.395,64.4742,195.0
1792.572,0.395,66.7029,195.0
1787.384,0.395,66.4954,195.0
1723.145,0.395,63.9258,195.0
1726.562,0.395,64.0625,195.0
1782.264,0.395,66.2906,195.0
1742.675,0.395,64.707,195.0
1757.734,0.395,65.3094,195.0
1760.474,0.395,65.419,195.0
1767.459,0.395,65.6984,195.0
1782.922,0.395,66.3169,195.0
1771.528,0.395,65.8611,195.0
1734.56,0.395,64.3824,195.0
1731.985,0.395,64.2794,195.0
1794.658,0.395,66.7863,195.0
1723.625,0.395,63.945,195.0
1713.971,0.395,63.5588,195.0
1799.627,0.395,66.9851,195.0
1703.845,0.395,63.1538,195.0
1783.584,0.395,66.3434,195.0
1734.774,0.395,64.391,195.0
1712.205,0.395,63.4882,195.0
1774.264,0.395,65.9706,195.0
1759.101,0.395,65.364,195.0
1747.751,0.395,64.91,195.0
1778.119,0.395,66.1248,195.0
1724.305,0.395,63.9722,195.0
1716.564,0.395,63.6626,195.0
1729.021,0.395,64.1608,195.0
1704.858,0.395,63.1943,195.0
1749.564,0.395,64.9826,195.0
1775.622,0.395,66.0249,195.0
1768.838,0.395,65.7535,195.0
1735.493,0.395,64.4197,195.0
1760.715,0.395,65.4286,195.0
1721.2,0.395,63.848,195.0
1782.583,0.395,66.3033,195.0
1712.118,0.395,63.4847,195.0
1795.698,0.395,66.8279,195.0
1788.475,0.395,66.539,195.0
1732.479,0.395,64.2992,195.0
1726.321,0.395,64.0528,195.0
1700.344,0.395,63.0138,195.0
1776.243,0.395,66.0497,195.0
1730.62,0.395,64.2248,195.0
1726.469,0.395,64.0588,195.0
1770.721,0.395,65.8288,195.0
1797.107,0.395,66.8843,195.0
1720.424,0.395,63.817,195.0
1736.727,0.395,64.4691,195.0
1780.085,0.395,66.2034,195.0
1729.754,0.395,64.1902,195.0
1701.342,0.395,63.0537,195.0
1774.451,0.395,65.978,195.0
1739.749,0.395,64.59,195.0
1717.644,0.395,63.7058,195.0
1717.557,0.395,63.7023,195.0
1727.059,0.395,64.0824,195.0
1730.434,0.395,64.2174,195.0
1762.072,0.395,65.4829,195.0
1773.254,0.395,65.9302,195.0
1773.949,0.395,65.958,195.0
1776.586,0.395,66.0634,195.0
1760.044,0.395,65.4018,195.0
1792.727,0.395,66.7091,195.0
1790.992,0.395,66.6397,195.0
1799.111,0.395,66.9644,195.0
1787.0,0.395,66.48,195.0
1797.974,0.395,66.919,195.0
1735.538,0.395,64.4215,195.0
1722.798,0.395,63.9119,195.0
1776.104,0.395,66.0442,195.0
1718.944,0.395,63.7578,195.0
1756.298,0.395,65.2519,195.0
1748.88,0.395,64.9552,195.0
1714.953,0.395,63.5981,195.0
1796.912,0.395,66.8765,195.0
1737.18,0.395,64.4872,195.0
1768.047,0.395,65.7219,195.0
1785.591,0.395,66.4236,195.0
1776.984,0.395,66.0794,195.0
1752.53,0.395,65.1012,195.0
1735.919,0.395,64.4368,195.0
1721.208,0.395,63.8483,195.0
1717.879,0.395,63.7152,195.0
1758.588,0.395,65.3435,195.0
1782.481,0.395,66.2992,195.0
1703.476,0.395,63.139,195.0
1780.574,0.395,66.223,195.0
1740.455,0.395,64.6182,195.0
1786.312,0.395,66.4525,195.0
1749.863,0.395,64.9945,195.0
1751.395,0.395,65.0558,195.0
1706.647,0.395,63.2659,195.0
1773.831,0.395,65.9532,195.0
1731.3,0.395,64.252,195.0
1774.306,0.395,65.9722,195.0
1762.957,0.395,65.5183,195.0
1729.83,0.395,64.1932,195.0
1754.449,0.395,65.178,195.0
1786.697,0.395,66.4679,195.0
1768.549,0.395,65.742,195.0
1708.175,0.395,63.327,195.0
1739.407,0.395,64.5763,195.0
1798.101,0.395,66.924,195.0
1700.494,0.395,63.0198,195.0
1740.016,0.395,64.6006,195.0
1793.031,0.395,66.7212,195.0
1742.65,0.395,64.706,195.0
1717.338,0.395,63.6935,195.0
1702.148,0.395,63.0859,195.0
1741.828,0.395,64.6731,195.0
1751.482,0.395,65.0593,195.0
1748.695,0.395,64.9478,195.0
1708.994,0.395,63.3598,195.0
1788.701,0.395,66.548,195.0
1762.115,0.395,65.4846,195.0
1709.953,0.395,63.3981,195.0
1766.219,0.395,65.6488,195.0
1733.312,0.395,64.3325,195.0
1787.855,0.395,66.5142,195.0
1751.861,0.395,65.0744,195.0
1725.073,0.395,64.0029,195.0
1777.539,0.395,66.1016,195.0
1710.682,0.395,63.4273,195.0
1754.496,0.395,65.1798,195.0
1767.11,0.395,65.6844,195.0
1701.05,0.395,63.042,195.0
1730.444,0.395,64.2178,195.0
1798.191,0.395,66.9276,195.0
1729.769,0.395,64.1908,195.0
1745.408,0.395,64.8163,195.0
1716.379,0.395,63.6552,195.0
1745.187,0.395,64.8075,195.0
1709.701,0.395,63.388,195.0
1703.193,0.395,63.1277,195.0
1725.189,0.395,64.0076,195.0
1730.922,0.395,64.2369,195.0
1734.746,0.395,64.3898,195.0
1784.796,0.395,66.3918,195.0
1749.656,0.395,64.9862,195.0
1782.976,0.395,66.319,195.0
1793.085,0.395,66.7234,195.0
1773.888,0.395,65.9555,195.0
1952.281,0.3965,70.807,191.193
1857.915,0.3956,68.4479,193.5521
1828.734,0.3953,67.7184,194.2817
1908.843,0.3961,69.7211,192.2789
1965.951,0.3967,71.1488,190.8512
1825.095,0.3953,67.6274,194.3726
1904.535,0.396,69.6134,192.3866
1944.33,0.3964,70.6082,191.3918
1941.57,0.3964,70.5393,191.4607
1924.393,0.3962,70.1098,191.8902
1980.495,0.3968,71.5124,190.4876
1940.343,0.3964,70.5086,191.4914
1844.187,0.3954,68.1047,193.8953
1926.499,0.3963,70.1625,191.8375
1997.776,0.397,71.9444,190.0556
1809.334,0.3951,67.2334,194.7666
1923.603,0.3962,70.0901,191.9099
1810.318,0.3951,67.2579,194.7421
1939.088,0.3964,70.4772,191.5228
1946.53,0.3965,70.6633,191.3367
1937.048,0.3964,70.4262,191.5738
1891.456,0.3959,69.2864,192.7136
1834.669,0.3953,67.8667,194.1333
1864.616,0.3956,68.6154,193.3846
1969.164,0.3967,71.2291,190.7709
1963.2,0.3966,71.08,190.92
1876.052,0.3958,68.9013,193.0987
1857.752,0.3956,68.4438,193.5562
1954.418,0.3965,70.8605,191.1395
1847.2,0.3955,68.18,193.82
1919.369,0.3962,69.9842,192.0158
1951.45,0.3965,70.7862,191.2138
1969.743,0.3967,71.2436,190.7564
1979.19,0.3968,71.4797,190.5203
1896.561,0.396,69.414,192.586
1845.566,0.3955,68.1392,193.8608
1946.82,0.3965,70.6705,191.3295
1874.081,0.3957,68.852,193.148
1971.938,0.3967,71.2985,190.7015
1933.788,0.3963,70.3447,191.6553
1879.719,0.3958,68.993,193.007
1844.104,0.3954,68.1026,193.8974
1853.516,0.3955,68.3379,193.6621
1997.236,0.397,71.9309,190.0691
1882.939,0.3958,69.0735,192.9265
1978.594,0.3968,71.4649,190.5351
1851.497,0.3955,68.2874,193.7126
1877.331,0.3958,68.9333,193.0667
1903.617,0.396,69.5904,192.4096
1935.217,0.3964,70.3804,191.6196
1858.82,0.3956,68.4705,193.5295
1858.941,0.3956,68.4735,193.5265
1905.473,0.3961,69.6368,192.3632
1996.604,0.397,71.9151,190.0849
1968.719,0.3967,71.218,190.782
1877.475,0.3958,68.9369,193.0631
1912.512,0.3961,69.8128,192.1872
1847.186,0.3955,68.1797,193.8203
1823.008,0.3952,67.5752,194.4248
1983.114,0.3968,71.5779,190.4221
1822.559,0.3952,67.564,194.436
1806.47,0.3951,67.1618,194.8382
1911.912,0.3961,69.7978,192.2022
1940.365,0.3964,70.5091,191.4909
1931.454,0.3963,70.2863,191.7137
1971.001,0.3967,71.275,190.725
1847.632,0.3955,68.1908,193.8092
1866.338,0.3957,68.6585,193.3415
1854.468,0.3955,68.3617,193.6383
1982.614,0.3968,71.5653,190.4347
1951.897,0.3965,70.7974,191.2026
1835.134,0.3954,67.8784,194.1216
1957.672,0.3966,70.9418,191.0582
1823.531,0.3952,67.5883,194.4117
1943.691,0.3964,70.5923,191.4077
1952.432,0.3965,70.8108,191.1892
1812.781,0.3951,67.3195,194.6805
1926.377,0.3963,70.1594,191.8406
1944.37,0.3964,70.6093,191.3907
1913.605,0.3961,69.8401,192.1599
1806.756,0.3951,67.1689,194.8311
1894.111,0.3959,69.3528,192.6472
1984.561,0.3968,71.614,190.386
1884.059,0.3958,69.1015,192.8985
1920.332,0.3962,70.0083,191.9917
1866.983,0.3957,68.6746,193.3254
1845.657,0.3955,68.1414,193.8586
1915.283,0.3962,69.8821,192.1179
1948.927,0.3965,70.7232,191.2768
1859.772,0.3956,68.4943,193.5057
1893.579,0.3959,69.3395,192.6605
1834.484,0.3953,67.8621,194.1379
1963.5,0.3966,71.0875,190.9125
1967.086,0.3967,71.1772,190.8228
1908.903,0.3961,69.7226,192.2774
1882.361,0.3958,69.059,192.941
1882.001,0.3958,69.05,192.95
1925.953,0.3963,70.1488,191.8512
1973.739,0.3967,71.3435,190.6565
1800.804,0.395,67.0201,194.9799
1913.581,0.3961,69.8395,192.1605
1863.45,0.3956,68.5863,193.4137
1958.432,0.3966,70.9608,191.0392
1901.639,0.396,69.541,192.459
1824.359,0.3952,67.609,194.391
1993.326,0.3969,71.8332,190.1669
1892.365,0.3959,69.3091,192.6909
1848.851,0.3955,68.2213,193.7787
1813.902,0.3951,67.3476,194.6524
1929.2,0.3963,70.23,191.77
1817.168,0.3952,67.4292,194.5708
1997.159,0.397,71.929,190.071
1846.785,0.3955,68.1696,193.8304
1971.488,0.3967,71.2872,190.7128
1919.629,0.3962,69.9907,192.0093
1963.161,0.3966,71.079,190.921
1983.503,0.3968,71.5876,190.4124
1814.35,0.3951,67.3588,194.6413
1885.862,0.3959,69.1466,192.8535
1916.148,0.3962,69.9037,192.0963
1852.973,0.3955,68.3243,193.6757
1924.094,0.3962,70.1024,191.8976
1984.769,0.3968,71.6192,190.3808
1960.199,0.3966,71.005,190.995
1878.955,0.3958,68.9739,193.0261
1826.088,0.3953,67.6522,194.3478
1854.533,0.3955,68.3633,193.6367
1988.735,0.3969,71.7184,190.2816
1996.303,0.397,71.9076,190.0924
1922.693,0.3962,70.0673,191.9327
1889.459,0.3959,69.2365,192.7635
1866.671,0.3957,68.6668,193.3332
1954.369,0.3965,70.8592,191.1408
1908.497,0.3961,69.7124,192.2876
1830.228,0.3953,67.7557,194.2443
1956.186,0.3966,70.9047,191.0953
1873.102,0.3957,68.8276,193.1724
1838.36,0.3954,67.959,194.041
1912.064,0.3961,69.8016,192.1984
1823.433,0.3952,67.5858,194.4142
1932.632,0.3963,70.3158,191.6842
1835.406,0.3954,67.8852,194.1148
1992.848,0.3969,71.8212,190.1788
1832.673,0.3953,67.8168,194.1832
1803.508,0.395,67.0877,194.9123
1856.69,0.3956,68.4172,193.5828
1911.004,0.3961,69.7751,192.2249
1985.949,0.3969,71.6487,190.3513
1877.042,0.3958,68.9261,193.0739
1926.854,0.3963,70.1714,191.8286
1840.718,0.3954,68.018,193.982
1816.797,0.3952,67.4199,194.5801
1985.177,0.3969,71.6294,190.3706
1909.528,0.3961,69.7382,192.2618
1875.456,0.3958,68.8864,193.1136
1918.522,0.3962,69.9631,192.0369
1926.268,0.3963,70.1567,191.8433
1846.685,0.3955,68.1671,193.8329
1831.958,0.3953,67.799,194.2011
1962.629,0.3966,71.0657,190.9343
1850.312,0.3955,68.2578,193.7422
1864.245,0.3956,68.6061,193.3939
1957.674,0.3966,70.9419,191.0582
1939.107,0.3964,70.4777,191.5223
1864.98,0.3956,68.6245,193.3755
1804.289,0.395,67.1072,194.8928
1950.576,0.3965,70.7644,191.2356
1833.151,0.3953,67.8288,194.1712
1954.125,0.3965,70.8531,191.1469
1878.823,0.3958,68.9706,193.0294
1952.178,0.3965,70.8045,191.1955
1885.92,0.3959,69.148,192.852
1831.141,0.3953,67.7785,194.2215
1866.248,0.3957,68.6562,193.3438
1959.619,0.3966,70.9905,191.0095
1818.53,0.3952,67.4633,194.5367
1845.335,0.3955,68.1334,193.8666
1917.133,0.3962,69.9283,192.0717
1936.309,0.3964,70.4077,191.5923
1973.572,0.3967,71.3393,190.6607
1969.21,0.3967,71.2303,190.7697
1838.203,0.3954,67.9551,194.0449
1878.385,0.3958,68.9596,193.0404
1901.925,0.396,69.5481,192.4519
1921.088,0.3962,70.0272,191.9728
1979.316,0.3968,71.4829,190.5171
1958.414,0.3966,70.9604,191.0396
1978.944,0.3968,71.4736,190.5264
1928.212,0.3963,70.2053,191.7947
1950.92,0.3965,70.773,191.227
1848.678,0.3955,68.2169,193.7831
1851.923,0.3955,68.2981,193.7019
1921.4,0.3962,70.035,191.965
1944.548,0.3964,70.6137,191.3863
1872.246,0.3957,68.8062,193.1938
1839.085,0.3954,67.9771,194.0229
1857.189,0.3956,68.4297,193.5703
1976.861,0.3968,71.4215,190.5785
1978.007,0.3968,71.4502,190.5498
1940.408,0.3964,70.5102,191.4898
1988.77,0.3969,71.7193,190.2808
1841.26,0.3954,68.0315,193.9685
1831.042,0.3953,67.776,194.224
1966.744,0.3967,71.1686,190.8314
1831.875,0.3953,67.7969,194.2031
1899.677,0.396,69.4919,192.5081
1844.706,0.3954,68.1176,193.8824
1938.252,0.3964,70.4563,191.5437
1847.106,0.3955,68.1776,193.8224
1929.397,0.3963,70.2349,191.7651
1858.078,0.3956,68.452,193.548
1806.884,0.3951,67.1721,194.8279
1984.193,0.3968,71.6048,190.3952
1989.919,0.3969,71.748,190.252
1825.389,0.3953,67.6347,194.3653
1964.21,0.3966,71.1053,190.8947
1919.423,0.3962,69.9856,192.0144
1858.017,0.3956,68.4504,193.5496
1925.187,0.3963,70.1297,191.8703
1900.492,0.396,69.5123,192.4877
1981.893,0.3968,71.5473,190.4527
1957.745,0.3966,70.9436,191.0564
1941.212,0.3964,70.5303,191.4697
1852.832,0.3955,68.3208,193.6792
1860.923,0.3956,68.5231,193.4769
1905.517,0.3961,69.6379,192.3621
1920.296,0.3962,70.0074,191.9926
1988.602,0.3969,71.7151,190.2849
1805.705,0.3951,67.1426,194.8574
1868.446,0.3957,68.7112,193.2888
1899.893,0.396,69.4973,192.5027
1913.408,0.3961,69.8352,192.1648
1899.666,0.396,69.4916,192.5084
1851.139,0.3955,68.2785,193.7215
1833.623,0.3953,67.8406,194.1594
1827.224,0.3953,67.6806,194.3194
1963.598,0.3966,71.09,190.9101
1821.714,0.3952,67.5429,194.4572
1892.349,0.3959,69.3087,192.6913
1890.553,0.3959,69.2638,192.7362
1849.656,0.3955,68.2414,193.7586
1836.016,0.3954,67.9004,194.0996
1919.949,0.3962,69.9987,192.0013
1832.098,0.3953,67.8024,194.1976
1803.149,0.395,67.0787,194.9213
1808.967,0.3951,67.2242,194.7758
1917.465,0.3962,69.9366,192.0634
1874.267,0.3957,68.8567,193.1433
1997.68,0.397,71.942,190.058
1819.694,0.3952,67.4924,194.5077
2001.527,0.3971,72.0229,189.9237
2041.167,0.3986,72.6175,187.9416
2172.448,0.4039,74.5867,181.3776
2160.684,0.4034,74.4103,181.9658
2145.917,0.4028,74.1888,182.7041
2108.751,0.4014,73.6313,184.5624
2102.045,0.4011,73.5307,184.8977
2194.01,0.4048,74.9102,180.2995
2197.28,0.4049,74.9592,180.136
2173.805,0.404,74.6071,181.3098
2192.809,0.4047,74.8921,180.3595
2003.793,0.3972,72.0569,189.8103
2146.287,0.4029,74.1943,182.6857
2151.35,0.4031,74.2703,182.4325
2181.929,0.4043,74.7289,180.9035
2126.351,0.4021,73.8953,183.6824
2060.194,0.3994,72.9029,186.9903
2194.12,0.4048,74.9118,180.294
2159.119,0.4034,74.3868,182.044
2053.932,0.3992,72.809,187.3034
2082.322,0.4003,73.2348,185.8839
2125.722,0.402,73.8858,183.7139
2055.195,0.3992,72.8279,187.2403
2191.718,0.4047,74.8758,180.4141
2197.239,0.4049,74.9586,180.138
2175.454,0.404,74.6318,181.2273
2176.132,0.404,74.642,181.1934
2014.314,0.3976,72.2147,189.2843
2172.673,0.4039,74.5901,181.3664
2063.093,0.3995,72.9464,186.8453
2106.871,0.4013,73.6031,184.6565
2152.107,0.4031,74.2816,182.3947
2066.169,0.3996,72.9925,186.6916
2172.478,0.4039,74.5872,181.3761
2029.74,0.3982,72.4461,188.513
2146.057,0.4028,74.1909,182.6972
2016.871,0.3977,72.2531,189.1565
2022.422,0.3979,72.3363,188.8789
2178.426,0.4041,74.6764,181.0787
2029.227,0.3982,72.4384,188.5386
2008.634,0.3973,72.1295,189.5683
2174.317,0.404,74.6148,181.2842
2100.032,0.401,73.5005,184.9984
2137.68,0.4025,74.0652,183.116
2094.363,0.4008,73.4154,185.2819
2150.642,0.403,74.2596,182.4679
2028.481,0.3981,72.4272,188.5759
2113.679,0.4015,73.7052,184.316
2019.527,0.3978,72.2929,189.0236
2163.996,0.4036,74.4599,181.8002
2084.551,0.4004,73.2683,185.7724
2026.27,0.3981,72.394,188.6865
2147.946,0.4029,74.2192,182.6027
2087.932,0.4005,73.319,185.6034
2131.542,0.4023,73.9731,183.4229
2115.985,0.4016,73.7398,184.2007
2080.184,0.4002,73.2028,185.9908
2033.54,0.3983,72.5031,188.323
2089.077,0.4006,73.3362,185.5461
2012.138,0.3975,72.1821,189.3931
2075.206,0.4,73.1281,186.2397
2139.034,0.4026,74.0855,183.0483
2045.371,0.3988,72.6806,187.7314
2146.321,0.4029,74.1948,182.6839
2003.201,0.3971,72.048,189.8399
2191.3,0.4047,74.8695,180.435
2065.568,0.3996,72.9835,186.7216
2010.192,0.3974,72.1529,189.4904
2084.916,0.4004,73.2737,185.7542
2061.504,0.3995,72.9226,186.9248
2044.191,0.3988,72.6629,187.7904
2065.096,0.3996,72.9764,186.7452
2144.81,0.4028,74.1721,182.7595
2002.901,0.3971,72.0435,189.8549
2065.621,0.3996,72.9843,186.719
2077.87,0.4001,73.168,186.1065
2048.175,0.3989,72.7226,187.5913
2149.344,0.403,74.2402,182.5328
2138.063,0.4025,74.0709,183.0968
2080.592,0.4002,73.2089,185.9704
2050.286,0.399,72.7543,187.4857
2163.31,0.4035,74.4496,181.8345
2078.249,0.4001,73.1737,186.0876
2077.825,0.4001,73.1674,186.1087
2178.274,0.4041,74.6741,181.0863
2182.725,0.4043,74.7409,180.8637
2066.924,0.3997,73.0039,186.6538
2154.063,0.4032,74.3109,182.2969
2095.359,0.4008,73.4304,185.2321
2198.172,0.4049,74.9726,180.0914
2117.251,0.4017,73.7588,184.1375
2100.119,0.401,73.5018,184.994
2092.033,0.4007,73.3805,185.3983
2139.862,0.4026,74.0979,183.0069
2127.407,0.4021,73.9111,183.6296
2088.891,0.4006,73.3334,185.5555
2174.99,0.404,74.6248,181.2505
2053.459,0.3991,72.8019,187.327
2133.186,0.4023,73.9978,183.3407
2017.228,0.3977,72.2584,189.1386
2158.682,0.4033,74.3802,182.0659
2198.202,0.4049,74.973,180.0899
2176.237,0.404,74.6436,181.1882
2092.844,0.4007,73.3927,185.3578
2014.932,0.3976,72.224,189.2534
2020.525,0.3978,72.3079,188.9737
2104.26,0.4012,73.5639,184.787
2118.984,0.4018,73.7848,184.0508
2093.053,0.4007,73.3958,185.3474
2067.33,0.3997,73.01,186.6335
2003.479,0.3971,72.0522,189.8261
2098.782,0.401,73.4817,185.0609
2034.447,0.3984,72.5167,188.2776
2168.72,0.4037,74.5308,181.564
2095.5,0.4008,73.4325,185.225
2164.531,0.4036,74.468,181.7734
2182.183,0.4043,74.7327,180.8909
2151.234,0.403,74.2685,182.4383
2156.877,0.4033,74.3532,182.1561
2078.248,0.4001,73.1737,186.0876
2131.034,0.4022,73.9655,183.4483
2167.057,0.4037,74.5059,181.6472
2053.551,0.3991,72.8033,187.3225
2163.021,0.4035,74.4453,181.849
2014.987,0.3976,72.2248,189.2507
2060.429,0.3994,72.9064,186.9785
2143.355,0.4027,74.1503,182.8322
2092.729,0.4007,73.3909,185.3636
2121.337,0.4019,73.8201,183.9332
2085.377,0.4004,73.2807,185.7312
2139.486,0.4026,74.0923,183.0257
2181.573,0.4043,74.7236,180.9214
2128.183,0.4021,73.9227,183.5908
2117.106,0.4017,73.7566,184.1447
2178.768,0.4042,74.6815,181.0616
2171.287,0.4039,74.5693,181.4357
2090.474,0.4006,73.3571,185.4763
2176.477,0.4041,74.6472,181.1762
2102.518,0.4011,73.5378,184.8741
2031.947,0.3983,72.4792,188.4026
2100.416,0.401,73.5062,184.9792
2188.204,0.4045,74.8231,180.5898
2014.238,0.3976,72.2136,189.2881
2162.099,0.4035,74.4315,181.895
2053.457,0.3991,72.8019,187.3272
2025.883,0.398,72.3882,188.7058
2002.967,0.3971,72.0445,189.8517
2090.37,0.4006,73.3555,185.4815
2124.252,0.402,73.8638,183.7874
2117.164,0.4017,73.7575,184.1418
2030.328,0.3982,72.4549,188.4836
2040.783,0.3986,72.6117,187.9608
2053.606,0.3991,72.8041,187.3197
2083.808,0.4004,73.2571,185.8096
2181.723,0.4043,74.7258,180.9138
2064.135,0.3996,72.962,186.7933
2158.214,0.4033,74.3732,182.0893
2057.809,0.3993,72.8671,187.1095
2014.963,0.3976,72.2244,189.2518
2053.437,0.3991,72.8016,187.3281
2037.131,0.3985,72.557,188.1434
2170.657,0.4038,74.5599,181.4672
2104.688,0.4012,73.5703,184.7656
2036.153,0.3984,72.5423,188.1923
2195.851,0.4048,74.9378,180.2074
2196.291,0.4049,74.9444,180.1855
2198.409,0.4049,74.9761,180.0795
2078.558,0.4001,73.1784,186.0721
2008.151,0.3973,72.1223,189.5924
2183.146,0.4043,74.7472,180.8427
2006.176,0.3972,72.0926,189.6912
2143.658,0.4027,74.1549,182.8171
2006.109,0.3972,72.0916,189.6945
2172.437,0.4039,74.5866,181.3782
2184.024,0.4044,74.7604,180.7988
2116.395,0.4017,73.7459,184.1803
2075.016,0.4,73.1252,186.2492
2074.354,0.4,73.1153,186.2823
2184.753,0.4044,74.7713,180.7623
2082.377,0.4003,73.2357,185.8811
2002.186,0.3971,72.0328,189.8907
2002.138,0.3971,72.0321,189.8931
2146.574,0.4029,74.1986,182.6713
2114.104,0.4016,73.7116,184.2948
2138.536,0.4025,74.078,183.0732
2160.964,0.4034,74.4145,181.9518
2048.035,0.3989,72.7205,187.5983
2105.076,0.4012,73.5761,184.7462
2045.824,0.3988,72.6874,187.7088
2046.714,0.3989,72.7007,187.6643
2155.987,0.4032,74.3398,182.2006
2100.811,0.401,73.5122,184.9595
2197.908,0.4049,74.9686,180.1046
2073.693,0.3999,73.1054,186.3153
2017.481,0.3977,72.2622,189.1259
2187.296,0.4045,74.8094,180.6352
2160.262,0.4034,74.4039,181.9869
2062.477,0.3995,72.9372,186.8761
2114.982,0.4016,73.7247,184.2509
2002.11,0.3971,72.0316,189.8945
2021.626,0.3979,72.3244,188.9187
2091.914,0.4007,73.3787,185.4043
2053.861,0.3992,72.8079,187.307
2175.837,0.404,74.6376,181.2081
2117.936,0.4017,73.769,184.1032
2059.164,0.3994,72.8875,187.0418
2052.345,0.3991,72.7852,187.3827
2093.629,0.4007,73.4044,185.3186
2095.281,0.4008,73.4292,185.236
2184.044,0.4044,74.7607,180.7978
2057.138,0.3993,72.8571,187.1431
2020.192,0.3978,72.3029,188.9904
2172.868,0.4039,74.593,181.3566
2127.419,0.4021,73.9113,183.6291
2155.072,0.4032,74.3261,182.2464
2074.727,0.4,73.1209,186.2636
2002.765,0.3971,72.0415,189.8617
2168.946,0.4038,74.5342,181.5527
2099.626,0.401,73.4944,185.0187
2096.749,0.4009,73.4512,185.1626
2075.594,0.4,73.1339,186.2203
2115.961,0.4016,73.7394,184.202
2133.176,0.4023,73.9976,183.3412
2181.655,0.4043,74.7248,180.9172
2074.903,0.4,73.1235,186.2549
2059.346,0.3994,72.8902,187.0327
2022.817,0.3979,72.3423,188.8591
2145.43,0.4028,74.1814,182.7285
2043.45,0.3987,72.6517,187.8275
2131.707,0.4023,73.9756,183.4146
2189.091,0.4046,74.8364,180.5455
2147.977,0.4029,74.2197,182.6012
2011.277,0.3975,72.1692,189.4361
2184.491,0.4044,74.7674,180.7754
2077.486,0.4001,73.1623,186.1257
2006.89,0.3973,72.1034,189.6555
2006.087,0.3972,72.0913,189.6957
2081.91,0.4003,73.2287,185.9045
2086.406,0.4005,73.2961,185.6797
2195.703,0.4048,74.9355,180.2149
2136.034,0.4024,74.0405,183.1983
2132.907,0.4023,73.9936,183.3546
2093.987,0.4008,73.4098,185.3006
2105.792,0.4012,73.5869,184.7104
2124.259,0.402,73.8639,183.787
2031.932,0.3983,72.479,188.4034
2018.715,0.3977,72.2807,189.0643
2063.697,0.3995,72.9555,186.8151
2087.607,0.4005,73.3141,185.6196
2143.267,0.4027,74.149,182.8367
2232.081,0.409,74.8396,177.1127
2365.977,0.4257,74.1701,165.0621
2214.412,0.4068,74.9279,178.7029
2271.839,0.414,74.6408,173.5345
2374.923,0.4269,74.1254,164.2569
2385.509,0.4282,74.0725,163.3042
2359.404,0.4249,74.203,165.6536
2303.597,0.4179,74.482,170.6763
2254.096,0.4118,74.7295,175.1314
2204.218,0.4055,74.9789,179.6204
2322.89,0.4204,74.3855,168.9399
2379.304,0.4274,74.1035,163.8626
2328.246,0.421,74.3588,168.4579
2213.556,0.4067,74.9322,178.78
2378.996,0.4274,74.105,163.8904
2254.216,0.4118,74.7289,175.1206
2316.128,0.4195,74.4194,169.5485
2379.693,0.4275,74.1015,163.8276
2284.057,0.4155,74.5797,172.4349
2251.009,0.4114,74.745,175.4092
2251.737,0.4115,74.7413,175.3437
2339.257,0.4224,74.3037,167.4669
2295.633,0.417,74.5218,171.393
2323.85,0.4205,74.3808,168.8535
2298.794,0.4173,74.506,171.1085
2331.566,0.4214,74.3422,168.1591
2344.957,0.4231,74.2752,166.9539
2261.94,0.4127,74.6903,174.4254
2255.297,0.4119,74.7235,175.0233
2296.372,0.417,74.5181,171.3265
2342.384,0.4228,74.2881,167.1854
2205.119,0.4056,74.9744,179.5393
2335.91,0.422,74.3204,167.7681
2365.018,0.4256,74.1749,165.1484
2309.064,0.4186,74.4547,170.1842
2263.176,0.4129,74.6841,174.3142
2231.945,0.409,74.8403,177.1249
2228.815,0.4086,74.8559,177.4067
2312.217,0.419,74.4389,169.9005
2290.028,0.4163,74.5499,171.8975
2311.994,0.419,74.44,169.9205
2226.251,0.4083,74.8687,177.6374
2319.751,0.42,74.4012,169.2224
2391.557,0.4289,74.0422,162.7599
2238.606,0.4098,74.807,176.5255
2272.99,0.4141,74.6351,173.4309
2300.791,0.4176,74.496,170.9288
2289.017,0.4161,74.5549,171.9885
2289.825,0.4162,74.5509,171.9158
2368.792,0.4261,74.156,164.8087
2274.224,0.4143,74.6289,173.3198
2355.587,0.4244,74.2221,165.9972
2232.415,0.4091,74.8379,177.0827
2317.123,0.4196,74.4144,169.4589
2291.144,0.4164,74.5443,171.797
2251.598,0.4114,74.742,175.3562
2379.207,0.4274,74.104,163.8714
2337.301,0.4222,74.3135,167.6429
2244.786,0.4106,74.7761,175.9693
2327.169,0.4209,74.3642,168.5548
2318.949,0.4199,74.4053,169.2946
2260.255,0.4125,74.6987,174.577
2205.598,0.4057,74.972,179.4962
2217.368,0.4072,74.9132,178.4369
2252.232,0.4115,74.7388,175.2991
2350.058,0.4238,74.2497,166.4948
2345.456,0.4232,74.2727,166.909
2398.682,0.4298,74.0066,162.1186
2266.599,0.4133,74.667,174.0061
2271.261,0.4139,74.6437,173.5865
2322.893,0.4204,74.3855,168.9396
2303.372,0.4179,74.4831,170.6965
2221.773,0.4077,74.8911,178.0404
2267.743,0.4135,74.6613,173.9031
2380.875,0.4276,74.0956,163.7212
2220.159,0.4075,74.8992,178.1857
2306.869,0.4184,74.4657,170.3818
2263.894,0.413,74.6805,174.2495
2260.795,0.4126,74.696,174.5284
2216.595,0.4071,74.917,178.5065
2261.297,0.4127,74.6935,174.4833
2320.221,0.42,74.3989,169.1801
2230.019,0.4088,74.8499,177.2983
2355.581,0.4244,74.2221,165.9977
2316.763,0.4196,74.4162,169.4913
2393.092,0.4291,74.0345,162.6217
2247.689,0.411,74.7616,175.708
2393.287,0.4292,74.0336,162.6042
2269.651,0.4137,74.6517,173.7314
2275.11,0.4144,74.6244,173.2401
2293.929,0.4167,74.5304,171.5464
2308.397,0.4185,74.458,170.2443
2304.107,0.418,74.4795,170.6304
2384.553,0.4281,74.0772,163.3902
2383.55,0.4279,74.0823,163.4805
2239.355,0.4099,74.8032,176.4581
2250.139,0.4113,74.7493,175.4875
2320.795,0.4201,74.396,169.1285
2263.446,0.4129,74.6828,174.2899
2347.092,0.4234,74.2645,166.7617
2281.829,0.4152,74.5909,172.6354
2243.999,0.4105,74.78,176.0401
2270.208,0.4138,74.649,173.6813
2265.616,0.4132,74.6719,174.0946
2365.973,0.4257,74.1701,165.0624
2206.999,0.4059,74.965,179.3701
2353.109,0.4241,74.2345,166.2202
2341.809,0.4227,74.291,167.2372
2395.85,0.4295,74.0207,162.3735
2232.337,0.409,74.8383,177.0897
2246.918,0.4109,74.7654,175.7774
2399.691,0.43,74.0015,162.0278
2234.4,0.4093,74.828,176.904
2364.087,0.4255,74.1796,165.2322
2320.093,0.42,74.3995,169.1916
2295.334,0.4169,74.5233,171.4199
2204.862,0.4056,74.9757,179.5624
2392.7,0.4291,74.0365,162.657
2308.253,0.4185,74.4587,170.2572
2263.295,0.4129,74.6835,174.3034
2364.007,0.4255,74.18,165.2394
2245.438,0.4107,74.7728,175.9106
2291.778,0.4165,74.5411,171.74
2304.726,0.4181,74.4764,170.5747
2300.123,0.4175,74.4994,170.9889
2210.43,0.4063,74.9479,179.0613
2391.065,0.4289,74.0447,162.8041
2225.953,0.4082,74.8702,177.6642
2217.287,0.4072,74.9136,178.4442
2372.377,0.4265,74.1381,164.4861
2272.631,0.4141,74.6368,173.4632
2208.699,0.4061,74.9565,179.2171
2361.276,0.4252,74.1936,165.4852
2348.017,0.4235,74.2599,166.6785
2332.721,0.4216,74.3364,168.0551
2342.54,0.4228,74.2873,167.1714
2398.667,0.4298,74.0067,162.12
2304.824,0.4181,74.4759,170.5658
2374.392,0.4268,74.128,164.3047
2349.315,0.4237,74.2534,166.5617
2397.071,0.4296,74.0146,162.2636
2206.353,0.4058,74.9682,179.4282
2258.672,0.4123,74.7066,174.7195
2201.73,0.4052,74.9913,179.8443
2349.266,0.4237,74.2537,166.5661
2245.365,0.4107,74.7732,175.9172
2296.044,0.417,74.5198,171.356
2396.733,0.4296,74.0163,162.294
2372.654,0.4266,74.1367,164.4611
2281.735,0.4152,74.5913,172.6438
2300.907,0.4176,74.4955,170.9184
2367.368,0.4259,74.1632,164.9369
2351.971,0.424,74.2401,166.3226
2367.803,0.426,74.161,164.8977
2223.359,0.4079,74.8832,177.8977
2397.818,0.4297,74.0109,162.1964
2386.278,0.4283,74.0686,163.235
2261.051,0.4126,74.6947,174.5054
2362.541,0.4253,74.1873,165.3713
2375.369,0.4269,74.1232,164.2168
2281.828,0.4152,74.5909,172.6355
2218.745,0.4073,74.9063,178.313
2284.347,0.4155,74.5783,172.4088
2338.43,0.4223,74.3079,167.5413
2354.805,0.4244,74.226,166.0676
2324.936,0.4206,74.3753,168.7558
2358.573,0.4248,74.2071,165.7284
2309.965,0.4187,74.4502,170.1031
2274.83,0.4144,74.6258,173.2653
2292.289,0.4165,74.5386,171.694
2388.335,0.4285,74.0583,163.0498
2264.001,0.413,74.68,174.2399
2327.705,0.421,74.3615,168.5066
2354.197,0.4243,74.229,166.1223
2340.53,0.4226,74.2973,167.3523
2244.724,0.4106,74.7764,175.9748
2205.509,0.4057,74.9725,179.5042
2217.649,0.4072,74.9118,178.4116
2325.478,0.4207,74.3726,168.707
2266.263,0.4133,74.6687,174.0363
2271.948,0.414,74.6403,173.5247
2323.162,0.4204,74.3842,168.9154
2370.161,0.4263,74.1492,164.6855
2206.693,0.4058,74.9665,179.3976
2359.194,0.4249,74.204,165.6725
2337.827,0.4222,74.3109,167.5956
2281.547,0.4152,74.5923,172.6608
2391.706,0.429,74.0415,162.7465
2203.223,0.4054,74.9839,179.7099
2240.661,0.4101,74.7967,176.3405
2221.501,0.4077,74.8925,178.0649
2344.731,0.4231,74.2763,166.9742
2336.019,0.422,74.3199,167.7583
2294.603,0.4168,74.527,171.4857
2216.617,0.4071,74.9169,178.5045
2292.768,0.4166,74.5362,171.6509
2249.2,0.4112,74.754,175.572
2366.201,0.4258,74.169,165.0419
2361.71,0.4252,74.1915,165.4461
2342.43,0.4228,74.2879,167.1813
2370.174,0.4263,74.1491,164.6843
2234.165,0.4093,74.8292,176.9252
2216.723,0.4071,74.9164,178.4949
2272.065,0.414,74.6397,173.5142
2240.534,0.4101,74.7973,176.3519
2352.253,0.424,74.2387,166.2972
2262.418,0.4128,74.6879,174.3824
2205.514,0.4057,74.9724,179.5037
2202.724,0.4053,74.9864,179.7548
2309.069,0.4186,74.4547,170.1838
2292.072,0.4165,74.5396,171.7135
2315.114,0.4194,74.4244,169.6397
2280.303,0.415,74.5985,172.7727
2384.217,0.428,74.0789,163.4205
2257.845,0.4122,74.7108,174.794
2389.171,0.4286,74.0541,162.9746
2258.653,0.4123,74.7067,174.7212
2367.484,0.4259,74.1626,164.9264
2203.983,0.4055,74.9801,179.6415
2316.809,0.4196,74.416,169.4872
2268.886,0.4136,74.6556,173.8003
2207.048,0.4059,74.9648,179.3657
2264.595,0.4131,74.677,174.1865
2351.72,0.424,74.2414,166.3452
2232.127,0.409,74.8394,177.1086
2274.771,0.4143,74.6261,173.2706
2286.508,0.4158,74.5675,172.2143
2216.223,0.407,74.9189,178.5399
2207.877,0.406,74.9606,179.2911
2311.424,0.4189,74.4429,169.9718
2245.038,0.4106,74.7748,175.9466
2249.364,0.4112,74.7532,175.5572
2224.522,0.4081,74.8774,177.793
2372.77,0.4266,74.1362,164.4507
2358.565,0.4248,74.2072,165.7292
2271.269,0.4139,74.6437,173.5858
2245.371,0.4107,74.7731,175.9166
2358.4,0.4248,74.208,165.744
2222.418,0.4078,74.8879,177.9824
2366.371,0.4258,74.1681,165.0266
2293.058,0.4166,74.5347,171.6248
2261.682,0.4127,74.6916,174.4486
2290.148,0.4163,74.5493,171.8867
2386.283,0.4283,74.0686,163.2345
2313.901,0.4192,74.4305,169.7489
2302.003,0.4178,74.49,170.8197
2272.643,0.4141,74.6368,173.4621
2340.742,0.4226,74.2963,167.3332
2335.838,0.422,74.3208,167.7746
2371.685,0.4265,74.1416,164.5483
